simulation,tradeoff,Org1_growth,Org2_growth
1c,1.0,10.0,10.0
1c,0.99,9.900000000002196,9.900000000002196
1c,0.98,9.800000000002392,9.800000000002392
1c,0.97,9.700000000001713,9.700000000001713
1c,0.96,9.60000000000149,9.60000000000149
1c,0.95,9.500000000001776,9.500000000001776
1c,0.94,9.400000000001612,9.400000000001612
1c,0.9299999999999999,9.300000000012211,9.300000000012211
1c,0.92,9.200000000013247,9.200000000013247
1c,0.91,9.100000000011981,9.100000000011981
1c,0.9,9.000000000010825,9.000000000010825
1c,0.89,8.900000000009642,8.900000000009642
1c,0.88,8.800000000010073,8.800000000010073
1c,0.87,8.700000000009155,8.700000000009155
1c,0.86,8.600000000009496,8.600000000009496
1c,0.85,8.50000000000925,8.50000000000925
1c,0.84,8.400000000008607,8.400000000008607
1c,0.83,8.300000000008387,8.300000000008387
1c,0.8200000000000001,8.200000000008457,8.200000000008457
1c,0.81,8.100000000007896,8.100000000007896
1c,0.8,8.000000000007628,8.000000000007628
1c,0.79,7.90000000000735,7.90000000000735
1c,0.78,7.800000000007068,7.800000000007068
1c,0.77,7.700000000006779,7.700000000006779
1c,0.76,7.600000000006487,7.600000000006487
1c,0.75,7.500000000006196,7.500000000006196
1c,0.74,7.400000000005905,7.400000000005905
1c,0.73,7.300000000005614,7.300000000005614
1c,0.72,7.200000000005327,7.200000000005327
1c,0.71,7.100000000005047,7.100000000005047
1c,0.7,7.000000000004775,7.000000000004775
1c,0.69,6.900000000004509,6.900000000004509
1c,0.6799999999999999,6.800000000003836,6.800000000003836
1c,0.6699999999999999,6.700000000003616,6.700000000003616
1c,0.6599999999999999,6.6000000000034875,6.6000000000034875
1c,0.6499999999999999,6.500000000003701,6.500000000003701
1c,0.64,6.400000000003906,6.400000000003906
1c,0.63,6.30000000000411,6.30000000000411
1c,0.62,6.200000000004305,6.200000000004305
1c,0.61,6.100000000004493,6.100000000004493
1c,0.6,6.000000000004689,6.000000000004689
1c,0.59,5.900000000004875,5.900000000004875
1c,0.5800000000000001,5.800000000005023,5.800000000005023
1c,0.5700000000000001,5.700000000005175,5.700000000005175
1c,0.56,5.600000000005338,5.600000000005338
1c,0.55,5.500000000005493,5.500000000005493
1c,0.54,5.400000000005595,5.400000000005595
1c,0.53,5.3000000000057526,5.3000000000057526
1c,0.52,5.200000000005983,5.200000000005983
1c,0.51,5.100000000006211,5.100000000006211
1c,0.5,5.000000000006437,5.000000000006437
1c,0.49,4.900000000006661,4.900000000006661
1c,0.48,4.800000000006882,4.800000000006882
1c,0.47,4.700000000007129,4.700000000007129
1c,0.45999999999999996,4.6000000000072125,4.6000000000072125
1c,0.44999999999999996,4.500000000007509,4.500000000007509
1c,0.43999999999999995,4.4000000000078305,4.4000000000078305
1c,0.42999999999999994,4.3000000000081595,4.3000000000081595
1c,0.42000000000000004,4.200000000008504,4.200000000008504
1c,0.41000000000000003,4.1000000000088495,4.1000000000088495
1c,0.4,4.000000000009166,4.000000000009166
1c,0.39,3.9000000000092285,3.9000000000092285
1c,0.38,3.800000000009599,3.800000000009599
1c,0.37,3.700000000009991,3.700000000009991
1c,0.36,3.600000000010447,3.600000000010447
1c,0.35,3.500000000011477,3.500000000011477
1c,0.33999999999999997,3.400000000012056,3.400000000012056
1c,0.32999999999999996,3.300000000012679,3.300000000012679
1c,0.31999999999999995,3.2000000000133535,3.2000000000133535
1c,0.30999999999999994,3.1000000000140897,3.1000000000140897
1c,0.29999999999999993,3.0000000000148965,3.0000000000148965
1c,0.29000000000000004,2.900000000015791,2.900000000015791
1c,0.28,2.8000000000167913,2.8000000000167913
1c,0.27,2.700000000017913,2.700000000017913
1c,0.26,2.600000000019174,2.600000000019174
1c,0.25,2.500000000020597,2.500000000020597
1c,0.24,2.400000000022202,2.400000000022202
1c,0.22999999999999998,2.3000000000240153,2.3000000000240153
1c,0.21999999999999997,2.2000000000260584,2.2000000000260584
1c,0.20999999999999996,2.100000000028355,2.100000000028355
1c,0.19999999999999996,2.0000000000309286,2.0000000000309286
1c,0.18999999999999995,1.9000000000337978,1.9000000000337978
1c,0.17999999999999994,1.8000000000369805,1.8000000000369805
1c,0.16999999999999993,1.7000000000040485,1.7000000000040485
1c,0.16000000000000003,1.6000000000044345,1.6000000000044345
1c,0.15000000000000002,1.5000000000411264,1.5000000000411264
1c,0.14,1.4000000000053083,1.4000000000053083
1c,0.13,1.3000000000057976,1.3000000000057976
1c,0.12,1.2000000000064486,1.2000000000064486
1c,0.10999999999999999,1.1000000000074484,1.1000000000074484
1c,0.09999999999999998,1.0000000000087286,1.0000000000087286
1c,0.08999999999999997,0.9000000000115665,0.9000000000115665
1c,0.07999999999999996,0.8000000000151283,0.8000000000151283
1c,0.06999999999999995,0.7000000000195933,0.7000000000195933
1c,0.05999999999999994,0.6000000000247292,0.6000000000247292
1c,0.04999999999999993,0.5000000000301634,0.5000000000301634
1c,0.040000000000000036,0.4000000000450803,0.4000000000450803
1c,0.030000000000000027,0.30000000000895455,0.30000000000895455
1c,0.020000000000000018,0.20000000001138,0.20000000001138
1c,0.010000000000000009,0.10000000005779175,0.10000000005779175
1c,0.0,0.0,0.0
2a,1.0,5.000000000000022,5.000000000000022
2a,0.99,4.950000000006166,4.950000000006166
2a,0.98,4.900000000003505,4.900000000003505
2a,0.97,4.8500000000025985,4.8500000000025985
2a,0.96,4.800000000002715,4.800000000002715
2a,0.95,4.750000000004225,4.750000000004225
2a,0.94,4.700000000004979,4.700000000004979
2a,0.9299999999999999,4.650000000005023,4.650000000005023
2a,0.92,4.60000000000479,4.60000000000479
2a,0.91,4.550000000004034,4.550000000004034
2a,0.9,4.500000000003351,4.500000000003351
2a,0.89,4.4500000000030875,4.4500000000030875
2a,0.88,4.4000000000029615,4.4000000000029615
2a,0.87,4.350000000003246,4.350000000003246
2a,0.86,4.300000000003524,4.300000000003524
2a,0.85,4.250000000006517,4.250000000006517
2a,0.84,4.2000000000059465,4.2000000000059465
2a,0.83,4.150000000005548,4.150000000005548
2a,0.8200000000000001,4.100000000005269,4.100000000005269
2a,0.81,4.050000000005352,4.050000000005352
2a,0.8,4.000000000005583,4.000000000005583
2a,0.79,3.950000000005837,3.950000000005837
2a,0.78,3.9000000000060755,3.9000000000060755
2a,0.77,3.8500000000063617,3.8500000000063617
2a,0.76,3.8000000000066616,3.8000000000066616
2a,0.75,3.7500000000069758,3.7500000000069758
2a,0.74,3.7000000000072264,3.7000000000072264
2a,0.73,3.650000000007481,3.650000000007481
2a,0.72,3.6000000000077472,3.6000000000077472
2a,0.71,3.5500000000080263,3.5500000000080263
2a,0.7,3.5000000000083182,3.5000000000083182
2a,0.69,3.450000000008628,3.450000000008628
2a,0.6799999999999999,3.400000000008955,3.400000000008955
2a,0.6699999999999999,3.3500000000093024,3.3500000000093024
2a,0.6599999999999999,3.3000000000096725,3.3000000000096725
2a,0.6499999999999999,3.2500000000101283,3.2500000000101283
2a,0.64,3.2000000000105406,3.2000000000105406
2a,0.63,3.1500000000109782,3.1500000000109782
2a,0.62,3.100000000011445,3.100000000011445
2a,0.61,3.0500000000119423,3.0500000000119423
2a,0.6,3.000000000012473,3.000000000012473
2a,0.59,2.9500000000130386,2.9500000000130386
2a,0.5800000000000001,2.9000000000136437,2.9000000000136437
2a,0.5700000000000001,2.850000000014288,2.850000000014288
2a,0.56,2.8000000000149754,2.8000000000149754
2a,0.55,2.750000000015708,2.750000000015708
2a,0.54,2.7000000000164888,2.7000000000164888
2a,0.53,2.650000000017319,2.650000000017319
2a,0.52,2.600000000018202,2.600000000018202
2a,0.51,2.5500000000191396,2.5500000000191396
2a,0.5,2.5000000000201346,2.5000000000201346
2a,0.49,2.45000000002119,2.45000000002119
2a,0.48,2.4000000000223056,2.4000000000223056
2a,0.47,2.350000000023483,2.350000000023483
2a,0.45999999999999996,2.300000000024727,2.300000000024727
2a,0.44999999999999996,2.250000000026039,2.250000000026039
2a,0.43999999999999995,2.200000000001466,2.200000000001466
2a,0.42999999999999994,2.1500000000015898,2.1500000000015898
2a,0.42000000000000004,2.1000000000017223,2.1000000000017223
2a,0.41000000000000003,2.0500000000018623,2.0500000000018623
2a,0.4,2.00000000000201,2.00000000000201
2a,0.39,1.9500000000021664,1.9500000000021664
2a,0.38,1.900000000002331,1.900000000002331
2a,0.37,1.8500000000025045,1.8500000000025045
2a,0.36,1.8000000000026875,1.8000000000026875
2a,0.35,1.7500000000028788,1.7500000000028788
2a,0.33999999999999997,1.7000000000030782,1.7000000000030782
2a,0.32999999999999996,1.6500000000032897,1.6500000000032897
2a,0.31999999999999995,1.6000000000035133,1.6000000000035133
2a,0.30999999999999994,1.550000000003749,1.550000000003749
2a,0.29999999999999993,1.5000000000039964,1.5000000000039964
2a,0.29000000000000004,1.4500000000042579,1.4500000000042579
2a,0.28,1.4000000000045316,1.4000000000045316
2a,0.27,1.350000000005679,1.350000000005679
2a,0.26,1.3000000000059786,1.3000000000059786
2a,0.25,1.250000000006321,1.250000000006321
2a,0.24,1.2000000000066693,1.2000000000066693
2a,0.22999999999999998,1.150000000007474,1.150000000007474
2a,0.21999999999999997,1.1000000000088719,1.1000000000088719
2a,0.20999999999999996,1.0500000000102636,1.0500000000102636
2a,0.19999999999999996,1.0000000000118465,1.0000000000118465
2a,0.18999999999999995,0.9500000000136094,0.9500000000136094
2a,0.17999999999999994,0.900000000015442,0.900000000015442
2a,0.16999999999999993,0.8500000000174539,0.8500000000174539
2a,0.16000000000000003,0.8000000000196441,0.8000000000196441
2a,0.15000000000000002,0.7500000000197852,0.7500000000197852
2a,0.14,0.7000000000220832,0.7000000000220832
2a,0.13,0.6500000000245697,0.6500000000245697
2a,0.12,0.6000000000272394,0.6000000000272394
2a,0.10999999999999999,0.5500000000300864,0.5500000000300864
2a,0.09999999999999998,0.5000000000334053,0.5000000000334053
2a,0.08999999999999997,0.4500000000363425,0.4500000000363425
2a,0.07999999999999996,0.40000000000524316,0.40000000000524316
2a,0.06999999999999995,0.3500000000095089,0.3500000000095089
2a,0.05999999999999994,0.30000000000965793,0.30000000000965793
2a,0.04999999999999993,0.25000000001173694,0.25000000001173694
2a,0.040000000000000036,0.20000000001528126,0.20000000001528126
2a,0.030000000000000027,0.1500000000320806,0.1500000000320806
2a,0.020000000000000018,0.10000000006298397,0.10000000006298397
2a,0.010000000000000009,0.05000000002322719,0.05000000002322719
2a,0.0,0.0,0.0
2b,1.0,0.5882352941361967,9.411764705863808
2b,0.99,0.5823529411912559,9.317647058812014
2b,0.98,0.5764705882481985,9.223529411754589
2b,0.97,0.5705882353916462,9.129411764624779
2b,0.96,0.5647058824313017,9.035294117581278
2b,0.95,0.5588235294898557,8.941176470521993
2b,0.94,0.5529411765510868,8.847058823462921
2b,0.9299999999999999,0.547058823612044,8.752941176402608
2b,0.92,0.5411764706035346,8.658823529398573
2b,0.91,0.5352941177455964,8.564705882270914
2b,0.9,0.529411764820082,8.470588235198756
2b,0.89,0.5235294118844993,8.376470588133722
2b,0.88,0.5176470589534612,8.282352941066284
2b,0.87,0.5117647060184201,8.188235294002174
2b,0.86,0.505882352956358,8.094117647045877
2b,0.85,0.5000000000158576,7.999999999986464
2b,0.84,0.49411764707540873,7.90588235292702
2b,0.83,0.4882352941353485,7.811764705867249
2b,0.8200000000000001,0.48235294119484745,7.7176470588078105
2b,0.81,0.4764705882543629,7.62352941174835
2b,0.8,0.47058823531127114,7.5294117646913765
2b,0.79,0.46470588237088395,7.435294117631791
2b,0.78,0.45882352943051274,7.3411764705721865
2b,0.77,0.45294117649161747,7.24705882351112
2b,0.76,0.4470588235498372,7.1529411764529165
2b,0.75,0.44117647060953263,7.058823529393258
2b,0.74,0.4352941176683187,6.964705882334464
2b,0.73,0.4294117647280432,6.870588235274759
2b,0.72,0.42352941188922233,6.776470588125654
2b,0.71,0.4176470588413918,6.682352941161735
2b,0.7,0.41176470590033143,6.588235294102799
2b,0.69,0.40588235295952757,6.4941176470436535
2b,0.6799999999999999,0.4000000000188113,6.399999999984445
2b,0.6699999999999999,0.3941176470781131,6.305882352925224
2b,0.6599999999999999,0.3882352941374698,6.211764705865947
2b,0.6499999999999999,0.38235294119711916,6.1176470588063765
2b,0.64,0.37647058825679475,6.023529411746784
2b,0.63,0.37058823531650775,5.929411764687156
2b,0.62,0.3647058823762606,5.835294117627492
2b,0.61,0.3588235294362152,5.741176470567682
2b,0.6,0.3529411764962102,5.64705882350784
2b,0.59,0.3470588235563142,5.552941176447892
2b,0.5800000000000001,0.34117647061646017,5.458823529387914
2b,0.5700000000000001,0.3352941176687262,5.36470588233359
2b,0.56,0.3294117647293487,5.2705882352731495
2b,0.55,0.32352941178929556,5.176470588213322
2b,0.54,0.3176470588492425,5.082352941153502
2b,0.53,0.31176470590930383,4.98823529409357
2b,0.52,0.30588235297760913,4.894117647027083
2b,0.51,0.3000000000378819,4.799999999967002
2b,0.5,0.2941176470982482,4.705882352906847
2b,0.49,0.2882352941587043,4.611764705846624
2b,0.48,0.28235294121703103,4.517647058788499
2b,0.47,0.2764705882774591,4.4235294117283095
2b,0.45999999999999996,0.2705882353403362,4.329411764665688
2b,0.44999999999999996,0.26470588240013726,4.23529411760618
2b,0.43999999999999995,0.2588235294609603,4.141176470545691
2b,0.42999999999999994,0.25294117652189146,4.047058823485123
2b,0.42000000000000004,0.24705882358293849,3.9529411764244706
2b,0.41000000000000003,0.2411764706434839,3.8588235293643445
2b,0.4,0.23529411770472666,3.7647058823035424
2b,0.39,0.22941176476614547,3.6705882352426045
2b,0.38,0.22352941182772584,3.5764705881815497
2b,0.37,0.2176470588894812,3.482352941120371
2b,0.36,0.2117647059514297,3.388235294059056
2b,0.35,0.20588235301359017,3.2941176469975924
2b,0.33999999999999997,0.20000000007598384,3.199999999935965
2b,0.32999999999999996,0.1941176471386351,3.105882352874161
2b,0.31999999999999995,0.18823529420157148,3.011764705812158
2b,0.30999999999999994,0.1823529412648249,2.9176470587499357
2b,0.29999999999999993,0.1764705883284321,2.823529411687464
2b,0.29000000000000004,0.17058823539133228,2.7294117646251927
2b,0.28,0.16470588246071705,2.635294117556907
2b,0.27,0.15882352952729292,2.5411764704917554
2b,0.26,0.15294117658974152,2.4470588234312807
2b,0.25,0.14705882366738982,2.352941176356251
2b,0.24,0.14117647073709888,2.2588235292884167
2b,0.22999999999999998,0.1352941178186026,2.164705882208886
2b,0.21999999999999997,0.1294117648960734,2.0705882351348506
2b,0.20999999999999996,0.12352941196256728,1.9764705880708318
2b,0.19999999999999996,0.11764705904016244,1.8823529409959965
2b,0.18999999999999995,0.1117647061213531,1.788235293917988
2b,0.17999999999999994,0.10588235320335111,1.6941176468394425
2b,0.16999999999999993,0.10000000029389639,1.5999999997526309
2b,0.16000000000000003,0.0941176473871143,1.5058823526633864
2b,0.15000000000000002,0.08823529449145252,1.4117647055634293
2b,0.14,0.08235294158428114,1.317647058474995
2b,0.13,0.07647058865049233,1.223529411415732
2b,0.12,0.07058823578523743,1.1294117642963781
2b,0.10999999999999999,0.06470588240885118,1.0352941176010055
2b,0.09999999999999998,0.058823529480542196,0.9411764705309462
2b,0.08999999999999997,0.052941176555975994,0.8470588234581776
2b,0.07999999999999996,0.047058823649661165,0.7529411763686618
2b,0.06999999999999995,0.041176470738639386,0.6588235292837182
2b,0.05999999999999994,0.03529411783324134,0.5647058821938623
2b,0.04999999999999993,0.029411764946666794,0.47058823509158465
2b,0.040000000000000036,0.0235294121036641,0.37647058795897603
2b,0.030000000000000027,0.01764705934365684,0.28235294075586065
2b,0.020000000000000018,0.0117647070172264,0.18823529318442744
2b,0.010000000000000009,0.005882353340139153,0.09411764672246878
2b,0.0,0.0,0.0
2c,1.0,4.0,1.0
2c,0.99,3.9500000000410687,0.9999999999806604
2c,0.98,3.9000000000711985,0.9999999999594253
2c,0.97,3.850000000043828,0.9999999999729324
2c,0.96,3.800000000028436,0.9999999999822657
2c,0.95,3.750000000025246,0.9999999999839779
2c,0.94,3.7000000000251116,0.9999999999836504
2c,0.9299999999999999,3.650000000025807,0.9999999999820786
2c,0.92,3.6000000000258128,0.9999999999817085
2c,0.91,3.550000000025603,0.9999999999815244
2c,0.9,3.5000000000255596,0.9999999999812631
2c,0.89,3.450000000025446,0.9999999999810893
2c,0.88,3.4000000000252926,0.9999999999809944
2c,0.87,3.3500000000253927,0.9999999999809632
2c,0.86,3.3000000000263316,0.9999999999805868
2c,0.85,3.250000000027325,0.9999999999803362
2c,0.84,3.200000000027839,0.9999999999804426
2c,0.83,3.1500000000288866,0.9999999999801472
2c,0.8200000000000001,3.100000000029172,0.9999999999803887
2c,0.81,3.0500000000292387,0.9999999999806483
2c,0.8,3.000000000029864,0.9999999999804482
2c,0.79,2.9500000000290023,0.9999999999811839
2c,0.78,2.900000000028658,0.9999999999810542
2c,0.77,2.8500000000283814,0.9999999999811554
2c,0.76,2.800000000028397,0.9999999999810075
2c,0.75,2.7500000000286193,0.9999999999806785
2c,0.74,2.700000000029202,0.9999999999800627
2c,0.73,2.6500000000225445,0.9999999999847364
2c,0.72,2.6000000000269137,0.9999999999820935
2c,0.71,2.5500000000230134,0.9999999999842557
2c,0.7,2.500000000023257,0.9999999999839871
2c,0.69,2.4500000000235316,0.9999999999836922
2c,0.6799999999999999,2.40000000002795,0.9999999999804519
2c,0.6699999999999999,2.3500000000236074,0.9999999999833695
2c,0.6599999999999999,2.300000000023958,0.9999999999829949
2c,0.6499999999999999,2.2500000000243374,0.9999999999825905
2c,0.64,2.200000000024754,0.9999999999821501
2c,0.63,2.1500000000252615,0.9999999999815874
2c,0.62,2.100000000025797,0.9999999999809819
2c,0.61,2.050000000265387,0.999999999801952
2c,0.6,2.0000000002731886,0.9999999997936694
2c,0.59,1.9500000002552524,0.9999999998075033
2c,0.5800000000000001,1.900000000291892,0.9999999997740695
2c,0.5700000000000001,1.8500000003087496,0.9999999997591102
2c,0.56,1.8000000003457084,0.9999999997210921
2c,0.55,1.7500000003706877,0.999999999698417
2c,0.54,1.7000000004003206,0.9999999996713439
2c,0.53,1.6500000004358875,0.999999999638608
2c,0.52,1.600000000488831,0.9999999995906015
2c,0.51,1.550000000528772,0.9999999995513426
2c,0.5,1.5000000000611995,0.9999999999474625
2c,0.49,1.4500000000719242,0.999999999937453
2c,0.48,1.4000000000900568,0.9999999999206776
2c,0.47,1.350000000110285,0.9999999999013537
2c,0.45999999999999996,1.3000000001395078,0.9999999998731358
2c,0.44999999999999996,1.2500000001849898,0.9999999998287741
2c,0.43999999999999995,1.2000000002634952,0.9999999997515154
2c,0.42999999999999994,1.150000000251354,0.999999999758032
2c,0.42000000000000004,1.1000000004888741,0.9999999995214757
2c,0.41000000000000003,1.050000002637546,0.9999999973821088
2c,0.4,1.0000129146605534,0.9999870853464722
2c,0.39,0.9750000024647141,0.9749999975572389
2c,0.38,0.9500000004326549,0.9499999995818874
2c,0.37,0.9250000017605439,0.9249999983652911
2c,0.36,0.9000000010422262,0.8999999990819227
2c,0.35,0.8750000007836527,0.8749999993507416
2c,0.33999999999999997,0.8500000005845799,0.8499999995498526
2c,0.32999999999999996,0.8250000004633441,0.8249999996711674
2c,0.31999999999999995,0.8000000003851995,0.7999999997498024
2c,0.30999999999999994,0.7750000003351711,0.774999999801696
2c,0.29999999999999993,0.7500000003025413,0.7499999998373598
2c,0.29000000000000004,0.7250000002774067,0.7249999998657377
2c,0.28,0.7000000003045755,0.6999999999062166
2c,0.27,0.6750000002933236,0.6749999999215126
2c,0.26,0.650000000028585,0.6499999999935102
2c,0.25,0.6250000000280623,0.6249999999947671
2c,0.24,0.6000000000281066,0.5999999999955746
2c,0.22999999999999998,0.5750000000268481,0.5749999999966614
2c,0.21999999999999997,0.5500000000274203,0.5499999999971891
2c,0.20999999999999996,0.5250000000282123,0.5249999999980837
2c,0.19999999999999996,0.5000000000247243,0.49999999999913836
2c,0.18999999999999995,0.47500000002717474,0.47499999999912007
2c,0.17999999999999994,0.4500000000284713,0.44999999999966006
2c,0.16999999999999993,0.4250000000300551,0.4250000000003609
2c,0.16000000000000003,0.4000000000350142,0.4000000000011894
2c,0.15000000000000002,0.3750000000380307,0.37500000000229894
2c,0.14,0.3500000000478491,0.35000000000244674
2c,0.13,0.3250000000555068,0.32500000000284
2c,0.12,0.3000000000658198,0.30000000000284827
2c,0.10999999999999999,0.275000000060629,0.2750000000058544
2c,0.09999999999999998,0.2500000000764261,0.25000000000424943
2c,0.08999999999999997,0.22500000009454696,0.22500000000341314
2c,0.07999999999999996,0.20000000011633054,0.20000000000206455
2c,0.06999999999999995,0.1750000001494196,0.17499999999985094
2c,0.05999999999999994,0.1500000001877415,0.1499999999987786
2c,0.04999999999999993,0.125000000025126,0.12499999999973986
2c,0.040000000000000036,0.10000000004282206,0.09999999999901851
2c,0.030000000000000027,0.0750000000713855,0.07499999999668709
2c,0.020000000000000018,0.0500000001342762,0.049999999993514344
2c,0.010000000000000009,0.025000000406744865,0.02499999997608334
2c,0.0,0.0,0.0
2d,1.0,8.0,2.0
2d,0.99,7.900000000017152,1.9999999999891667
2d,0.98,7.800000000010352,1.9999999999946092
2d,0.97,7.700000000011527,1.999999999993786
2d,0.96,7.600000000012229,1.9999999999931577
2d,0.95,7.500000000012826,1.9999999999927185
2d,0.94,7.40000000001313,1.9999999999925009
2d,0.9299999999999999,7.300000000013165,1.999999999992447
2d,0.92,7.2000000000130395,1.9999999999924791
2d,0.91,7.1000000000128916,1.999999999992512
2d,0.9,7.00000000001315,1.9999999999917946
2d,0.89,6.900000000012802,1.999999999991945
2d,0.88,6.800000000012535,1.9999999999920353
2d,0.87,6.700000000012322,1.999999999992092
2d,0.86,6.600000000012178,1.9999999999920999
2d,0.85,6.5000000000117755,1.999999999992263
2d,0.84,6.4000000000116835,1.999999999992241
2d,0.83,6.30000000001162,1.9999999999922047
2d,0.8200000000000001,6.200000000011586,1.9999999999921512
2d,0.81,6.1000000000116446,1.9999999999920397
2d,0.8,6.000000000011729,1.999999999991908
2d,0.79,5.900000000011799,1.999999999991792
2d,0.78,5.800000000011875,1.9999999999916696
2d,0.77,5.700000000011954,1.99999999999154
2d,0.76,5.600000000011972,1.999999999991457
2d,0.75,5.500000000012054,1.999999999991326
2d,0.74,5.400000000012156,1.9999999999911802
2d,0.73,5.300000000012232,1.9999999999910507
2d,0.72,5.200000000012285,1.9999999999909361
2d,0.71,5.100000000010328,1.9999999999925997
2d,0.7,5.000000000010569,1.9999999999923206
2d,0.69,4.900000000010813,1.9999999999920337
2d,0.6799999999999999,4.800000000011023,1.9999999999917988
2d,0.6699999999999999,4.7000000000112,1.9999999999915934
2d,0.6599999999999999,4.6000000000114305,1.9999999999913356
2d,0.6499999999999999,4.500000000012847,1.9999999999898364
2d,0.64,4.400000000114652,1.999999999911707
2d,0.63,4.300000000119214,1.9999999999084104
2d,0.62,4.20000000010079,1.9999999999167526
2d,0.61,4.100000000105938,1.999999999912748
2d,0.6,4.000000000091036,1.9999999999235594
2d,0.59,3.9000000001235455,1.999999999896196
2d,0.5800000000000001,3.80000000010245,1.9999999999135962
2d,0.5700000000000001,3.7000000001424977,1.9999999998795281
2d,0.56,3.6000000001161347,1.9999999999014915
2d,0.55,3.5000000001697047,1.9999999998557867
2d,0.54,3.400000000136431,1.9999999998834928
2d,0.53,3.3000000002034775,1.999999999825126
2d,0.52,3.200000000163457,1.9999999998587608
2d,0.51,3.1000000001825625,1.9999999998412268
2d,0.5,3.0000000002065654,1.9999999998189533
2d,0.49,2.9000000002372976,1.999999999790122
2d,0.48,2.800000000277852,1.9999999997516698
2d,0.47,2.700000000333591,1.9999999996982698
2d,0.45999999999999996,2.6000000004143393,1.9999999996201518
2d,0.44999999999999996,2.500000000538834,1.99999999949865
2d,0.43999999999999995,2.4000000007518456,1.9999999992887405
2d,0.42999999999999994,2.30000000117449,1.9999999988705552
2d,0.42000000000000004,2.2000000002050273,1.9999999997993472
2d,0.41000000000000003,2.100000000679542,1.9999999993253001
2d,0.4,2.0000128452616757,1.9999871547417738
2d,0.39,1.9500000007133407,1.9499999992926187
2d,0.38,1.9000000002046702,1.8999999998012027
2d,0.37,1.8500000009958313,1.8499999990626739
2d,0.36,1.800000000657443,1.799999999411459
2d,0.35,1.7500000004461116,1.7499999996224767
2d,0.33999999999999997,1.7000000003391862,1.6999999997347146
2d,0.32999999999999996,1.6500000002691018,1.6499999998076371
2d,0.31999999999999995,1.6000000002213481,1.5999999998561065
2d,0.30999999999999994,1.5500000001881857,1.5499999998920415
2d,0.29999999999999993,1.5000000001479044,1.4999999999282232
2d,0.29000000000000004,1.4500000001357338,1.4499999999416597
2d,0.28,1.4000000001379043,1.399999999948311
2d,0.27,1.350000000133293,1.3499999999560093
2d,0.26,1.300000000128241,1.2999999999652887
2d,0.25,1.2500000001258946,1.2499999999729645
2d,0.24,1.200000000131038,1.1999999999783082
2d,0.22999999999999998,1.1500000001288828,1.149999999979613
2d,0.21999999999999997,1.1000000001279928,1.099999999982173
2d,0.20999999999999996,1.0500000001355139,1.0499999999821388
2d,0.19999999999999996,1.00000000014265,0.9999999999837845
2d,0.18999999999999995,0.9500000001507939,0.9499999999857583
2d,0.17999999999999994,0.9000000001561332,0.8999999999919925
2d,0.16999999999999993,0.8500000001662036,0.849999999999677
2d,0.16000000000000003,0.8000000001794744,0.8000000000070692
2d,0.15000000000000002,0.7500000002021003,0.7500000000072087
2d,0.14,0.7000000000209561,0.7000000000000819
2d,0.13,0.6500000000231583,0.6500000000002322
2d,0.12,0.6000000000273347,0.5999999999997166
2d,0.10999999999999999,0.5500000000243668,0.5500000000025632
2d,0.09999999999999998,0.5000000000286852,0.5000000000026137
2d,0.08999999999999997,0.4500000000338329,0.4500000000024485
2d,0.07999999999999996,0.40000000003879727,0.400000000003435
2d,0.06999999999999995,0.3500000000442984,0.35000000000389925
2d,0.05999999999999994,0.3000000000676762,0.300000000007616
2d,0.04999999999999993,0.2500000001034044,0.25000000001153394
2d,0.040000000000000036,0.2000000000154957,0.20000000000164403
2d,0.030000000000000027,0.1500000000212237,0.15000000000228683
2d,0.020000000000000018,0.1000000000561696,0.10000000000578325
2d,0.010000000000000009,0.05000000018140116,0.05000000002377822
2d,0.0,0.0,0.0
2e,1.0,2.0,0.5
2e,0.99,1.9750000000906027,0.4999999999468842
2e,0.98,1.9500000001095081,0.4999999999387761
2e,0.97,1.9250000000790535,0.499999999959751
2e,0.96,1.9000000000728776,0.49999999996146915
2e,0.95,1.8750000000579772,0.49999999996665306
2e,0.94,1.8500000000696035,0.4999999999595596
2e,0.9299999999999999,1.8250000000513935,0.4999999999690839
2e,0.92,1.8000000000682255,0.4999999999579512
2e,0.91,1.7750000000667612,0.4999999999581307
2e,0.9,1.750000000063835,0.49999999995953626
2e,0.89,1.7250000000601884,0.4999999999614899
2e,0.88,1.7000000000575775,0.49999999996271216
2e,0.87,1.6750000000554375,0.4999999999636859
2e,0.86,1.650000000053859,0.4999999999643502
2e,0.85,1.6250000000474638,0.49999999996570527
2e,0.84,1.6000000000461114,0.4999999999665955
2e,0.83,1.5750000000449593,0.4999999999673332
2e,0.8200000000000001,1.5500000000459895,0.4999999999661089
2e,0.81,1.5250000000452733,0.4999999999664975
2e,0.8,1.500000000044638,0.49999999996684297
2e,0.79,1.4750000000424646,0.4999999999685571
2e,0.78,1.450000000043911,0.49999999996718064
2e,0.77,1.4250000000426195,0.4999999999672849
2e,0.76,1.4000000000440695,0.4999999999664999
2e,0.75,1.3750000000455176,0.49999999996568906
2e,0.74,1.3500000000469554,0.49999999996486394
2e,0.73,1.3250000000485143,0.4999999999638603
2e,0.72,1.30000000005317,0.49999999996064837
2e,0.71,1.2750000000442812,0.49999999996575273
2e,0.7,1.250000000042903,0.4999999999683631
2e,0.69,1.225000000047434,0.49999999996564987
2e,0.6799999999999999,1.2000000000528548,0.4999999999606533
2e,0.6699999999999999,1.1750000000526537,0.4999999999615259
2e,0.6599999999999999,1.150000000054402,0.49999999996072075
2e,0.6499999999999999,1.1250000000552198,0.499999999960376
2e,0.64,1.1000000000557584,0.4999999999601406
2e,0.63,1.075000000056266,0.4999999999598823
2e,0.62,1.0500000000573084,0.4999999999590043
2e,0.61,1.0250000000603783,0.499999999956351
2e,0.6,1.0000000000629217,0.4999999999541414
2e,0.59,0.9750000000659657,0.4999999999513408
2e,0.5800000000000001,0.950000000069979,0.49999999994761757
2e,0.5700000000000001,0.9250000000739284,0.49999999994392935
2e,0.56,0.9000000000639817,0.49999999995162897
2e,0.55,0.8750000000688565,0.499999999947274
2e,0.54,0.8500000005974976,0.4999999995308674
2e,0.53,0.8250000006740918,0.4999999994656885
2e,0.52,0.800000000675268,0.4999999994519925
2e,0.51,0.7750000000747745,0.49999999993841643
2e,0.5,0.7500000000838045,0.49999999992989136
2e,0.49,0.7250000000953404,0.4999999999189028
2e,0.48,0.7000000001108359,0.4999999999040454
2e,0.47,0.6750000001322674,0.49999999988334975
2e,0.45999999999999996,0.6500000001634676,0.4999999998529683
2e,0.44999999999999996,0.6250000002470479,0.49999999977170884
2e,0.43999999999999995,0.6000000003415689,0.4999999996783217
2e,0.42999999999999994,0.5750000005277359,0.4999999994934595
2e,0.42000000000000004,0.5500000010109293,0.49999999901170794
2e,0.41000000000000003,0.5250000029320862,0.4999999970885265
2e,0.4,0.5000086143108797,0.4999913856953768
2e,0.39,0.4875000027906629,0.48749999723175585
2e,0.38,0.47500000081037114,0.4749999992117704
2e,0.37,0.46250000041171874,0.46249999961341287
2e,0.36,0.4500000002503536,0.449999999775149
2e,0.35,0.43750000018535706,0.43749999984548527
2e,0.33999999999999997,0.4250000001384761,0.424999999893935
2e,0.32999999999999996,0.4125000001101445,0.41249999992415703
2e,0.31999999999999995,0.40000000007992187,0.39999999995224206
2e,0.30999999999999994,0.38750000007001056,0.3874999999634934
2e,0.29999999999999993,0.37500000006273215,0.3749999999716435
2e,0.29000000000000004,0.36250000006506183,0.3624999999759538
2e,0.28,0.3500000000625461,0.3499999999804882
2e,0.27,0.33750000005962755,0.33749999998532815
2e,0.26,0.32500000005779023,0.32499999998902085
2e,0.25,0.312500000057262,0.31249999999220507
2e,0.24,0.3000000000569795,0.29999999999495236
2e,0.22999999999999998,0.2875000000516923,0.28749999999724596
2e,0.21999999999999997,0.2750000000568798,0.27499999999791247
2e,0.20999999999999996,0.2625000000569773,0.2624999999989471
2e,0.19999999999999996,0.2500000000629834,0.24999999999962771
2e,0.18999999999999995,0.2375000000551724,0.2375000000010168
2e,0.17999999999999994,0.22500000005890017,0.2250000000017965
2e,0.16999999999999993,0.2125000000637515,0.21250000000240044
2e,0.16000000000000003,0.20000000006997976,0.2000000000023256
2e,0.15000000000000002,0.18750000009097573,0.18749999999812467
2e,0.14,0.1750000000948369,0.17499999999972915
2e,0.13,0.16250000009562734,0.1625000000049977
2e,0.12,0.1500000000888373,0.1500000000119839
2e,0.10999999999999999,0.13750000010083885,0.13750000001195067
2e,0.09999999999999998,0.125000000127015,0.1250000000111376
2e,0.08999999999999997,0.11250000016220296,0.11250000002232495
2e,0.07999999999999996,0.10000000021524058,0.10000000003345906
2e,0.06999999999999995,0.08750000028749175,0.08750000003530065
2e,0.05999999999999994,0.07500000004079643,0.07500000000187156
2e,0.04999999999999993,0.06250000005557704,0.0624999999999269
2e,0.040000000000000036,0.05000000007086079,0.05000000000035531
2e,0.030000000000000027,0.03750000014189851,0.03750000000352072
2e,0.020000000000000018,0.025000000264649304,0.02500000001050483
2e,0.010000000000000009,0.012500000988941901,0.01250000004563971
2e,0.0,0.0,0.0
3a,1.0,20.000000000000057,10.00000000000004
3a,0.99,19.70000000000546,9.999999999996685
3a,0.98,19.400000000006198,9.999999999995907
3a,0.97,19.100000000005224,9.999999999996373
3a,0.96,18.800000000004147,9.999999999997033
3a,0.95,18.500000000003233,9.99999999999766
3a,0.94,18.2000000000211,9.99999999998353
3a,0.9299999999999999,17.900000000023898,9.999999999981664
3a,0.92,17.600000000025275,9.999999999980576
3a,0.91,17.3000000000271,9.999999999979615
3a,0.9,17.0000000000317,9.999999999975762
3a,0.89,16.700000000033516,9.999999999974712
3a,0.88,16.400000000032733,9.999999999976332
3a,0.87,16.100000000038854,9.999999999970562
3a,0.86,15.800000000042042,9.999999999967843
3a,0.85,15.500000000045542,9.99999999996481
3a,0.84,15.200000000052817,9.999999999957451
3a,0.83,14.900000000059421,9.99999999995153
3a,0.8200000000000001,14.600000000066238,9.999999999945405
3a,0.81,14.300000000072865,9.999999999939485
3a,0.8,14.000000000080487,9.999999999932571
3a,0.79,13.700000000089865,9.999999999923846
3a,0.78,13.400000000099753,9.99999999991365
3a,0.77,13.100000000011478,9.999999999989928
3a,0.76,12.800000000013677,9.999999999987823
3a,0.75,12.500000000016678,9.999999999984919
3a,0.74,12.200000000019724,9.999999999981888
3a,0.73,11.900000000024846,9.999999999976819
3a,0.72,11.600000000034848,9.999999999966946
3a,0.71,11.300000000051,9.999999999950926
3a,0.7,11.000000000082506,9.99999999991957
3a,0.69,10.700000000157845,9.999999999844396
3a,0.6799999999999999,10.400000000429724,9.999999999572688
3a,0.6699999999999999,10.100000005040876,9.999999994961778
3a,0.6599999999999999,9.90000000148034,9.899999998522222
3a,0.6499999999999999,9.750000000296783,9.749999999705725
3a,0.64,9.600000000130636,9.599999999871791
3a,0.63,9.450000000073855,9.44999999992844
3a,0.62,9.30000000004984,9.299999999952433
3a,0.61,9.150000000049676,9.149999999953614
3a,0.6,9.000000000041585,8.9999999999618
3a,0.59,8.850000000034886,8.849999999968608
3a,0.5800000000000001,8.700000000031219,8.699999999972377
3a,0.5700000000000001,8.550000000028456,8.549999999975242
3a,0.56,8.400000000026331,8.399999999977476
3a,0.55,8.250000000024752,8.249999999979165
3a,0.54,8.100000000023577,8.09999999998046
3a,0.53,7.950000000022694,7.949999999981459
3a,0.52,7.80000000002204,7.799999999982242
3a,0.51,7.6500000000221355,7.649999999984424
3a,0.5,7.500000000021226,7.499999999985253
3a,0.49,7.350000000020485,7.349999999985917
3a,0.48,7.200000000018711,7.199999999986834
3a,0.47,7.050000000019303,7.049999999987004
3a,0.45999999999999996,6.9000000000195705,6.899999999986993
3a,0.44999999999999996,6.750000000021379,6.749999999985634
3a,0.43999999999999995,6.600000000021965,6.599999999985219
3a,0.42999999999999994,6.450000000020423,6.449999999987205
3a,0.42000000000000004,6.300000000021844,6.299999999987111
3a,0.41000000000000003,6.15000000002275,6.149999999987502
3a,0.4,6.000000000020417,5.999999999986556
3a,0.39,5.850000000021725,5.849999999989001
3a,0.38,5.700000000019332,5.699999999987895
3a,0.37,5.550000000019727,5.549999999987945
3a,0.36,5.40000000001982,5.39999999998824
3a,0.35,5.250000000019885,5.249999999988565
3a,0.33999999999999997,5.100000000019914,5.099999999988913
3a,0.32999999999999996,4.950000000018625,4.9499999999901805
3a,0.31999999999999995,4.800000000026308,4.799999999986085
3a,0.30999999999999994,4.650000000024968,4.649999999989049
3a,0.29999999999999993,4.500000000027376,4.499999999988978
3a,0.29000000000000004,4.350000000029922,4.349999999988729
3a,0.28,4.200000000032468,4.199999999988197
3a,0.27,4.050000000037781,4.049999999977393
3a,0.26,3.900000000043188,3.899999999974456
3a,0.25,3.7500000000490528,3.7499999999714846
3a,0.24,3.6000000000553642,3.5999999999685692
3a,0.22999999999999998,3.450000000067415,3.4499999999626816
3a,0.21999999999999997,3.3000000000757006,3.299999999960074
3a,0.20999999999999996,3.1500000000824318,3.149999999958995
3a,0.19999999999999996,3.0000000000891758,2.9999999999584244
3a,0.18999999999999995,2.8500000000957626,2.849999999958379
3a,0.17999999999999994,2.7000000001020577,2.6999999999587816
3a,0.16999999999999993,2.550000000105336,2.5499999999326626
3a,0.16000000000000003,2.4000000001137405,2.3999999999270223
3a,0.15000000000000002,2.250000000077842,2.2499999999669718
3a,0.14,2.1000000000854446,2.099999999964608
3a,0.13,1.9500000000927924,1.9499999999783286
3a,0.12,1.8000000001229493,1.7999999999699015
3a,0.10999999999999999,1.6500000001485977,1.6499999999635042
3a,0.09999999999999998,1.5000000001459692,1.499999999963293
3a,0.08999999999999997,1.3500000001935468,1.349999999941501
3a,0.07999999999999996,1.2000000000278352,1.1999999999896414
3a,0.06999999999999995,1.0500000000344116,1.049999999985942
3a,0.05999999999999994,0.9000000000365848,0.8999999999877079
3a,0.04999999999999993,0.7500000000529137,0.7499999999899397
3a,0.040000000000000036,0.6000000000643207,0.5999999999928238
3a,0.030000000000000027,0.4500000000162876,0.44999999999344586
3a,0.020000000000000018,0.3000000000267103,0.2999999999942033
3a,0.010000000000000009,0.1500000000879645,0.14999999998691843
3a,0.0,5.151725841427226e-06,4.796447553036394e-06
3b,1.0,20.000000000000057,19.999999999999932
3b,0.99,19.800019469854924,19.799980530145316
3b,0.98,19.600023347022628,19.599976652977688
3b,0.97,19.400026454054604,19.39997354594579
3b,0.96,19.20002618156622,19.199973818434167
3b,0.95,19.00002486464211,18.999975135358234
3b,0.94,18.800025286281283,18.799974713719074
3b,0.9299999999999999,18.600026293319278,18.599973706681112
3b,0.92,18.400027994428818,18.39997200557164
3b,0.91,18.200030506025513,18.199969493975033
3b,0.9,18.00003099090685,17.999969009093718
3b,0.89,17.80003184339789,17.799968156602716
3b,0.88,17.60003188668641,17.599968113314088
3b,0.87,17.400033157717775,17.39996684228289
3b,0.86,17.20003379635586,17.199966203644834
3b,0.85,17.00003411570793,16.99996588429279
3b,0.84,16.800034370887065,16.799965629113675
3b,0.83,16.600034524720332,16.59996547528043
3b,0.8200000000000001,16.40003476562103,16.39996523437975
3b,0.81,16.200035553605623,16.19996444639521
3b,0.8,16.00003404666223,15.999965953338528
3b,0.79,15.800034954247133,15.79996504575368
3b,0.78,15.600033813297204,15.599966186703565
3b,0.77,15.400034532326465,15.399965467674345
3b,0.76,15.200035522615368,15.199964477385501
3b,0.75,15.000016165259867,14.999983834740311
3b,0.74,14.800016240348999,14.799983759651187
3b,0.73,14.600016313223282,14.599983686776858
3b,0.72,14.400016821436834,14.399983178563371
3b,0.71,14.200017205093067,14.199982794907147
3b,0.7,14.000017835368983,13.9999821646313
3b,0.69,13.80001846911124,13.79998153088901
3b,0.6799999999999999,13.600019093608136,13.599980906392139
3b,0.6699999999999999,13.400020160463564,13.39997983953675
3b,0.6599999999999999,13.200020784821184,13.19997921517915
3b,0.6499999999999999,13.000019975844921,12.999980024155395
3b,0.64,12.80002015511922,12.79997984488111
3b,0.63,12.600020330296838,12.599979669703501
3b,0.62,12.400020503016654,12.399979496983699
3b,0.61,12.200020761579504,12.19997923842086
3b,0.6,12.00002105250904,11.999978947491345
3b,0.59,11.800021439247608,11.799978560752791
3b,0.5800000000000001,11.600021532395411,11.599978467605009
3b,0.5700000000000001,11.400021797465149,11.399978202535287
3b,0.56,11.2000221655518,11.199977834448656
3b,0.55,11.000022510181815,10.999977489818662
3b,0.54,10.800022849206899,10.799977150793604
3b,0.53,10.600023199148556,10.599976800851975
3b,0.52,10.400023527640778,10.399976472359775
3b,0.51,10.200023824939441,10.199976175061135
3b,0.5,10.000024091099636,9.999975908900964
3b,0.49,9.800024325491492,9.79997567450913
3b,0.48,9.600024843245981,9.599975156754684
3b,0.47,9.400023289529726,9.39997671047086
3b,0.45999999999999996,9.200024023608004,9.19997597639264
3b,0.44999999999999996,9.000024505930352,8.999975494070336
3b,0.43999999999999995,8.800024858577101,8.79997514142363
3b,0.42999999999999994,8.600025410603402,8.599974589397371
3b,0.42000000000000004,8.400026064705006,8.399973935295833
3b,0.41000000000000003,8.20002602195098,8.199973978049885
3b,0.4,8.000026222126776,7.9999737778741205
3b,0.39,7.800026442728773,7.799973557272163
3b,0.38,7.600026662309756,7.599973337691216
3b,0.37,7.400026898134804,7.3999731018662285
3b,0.36,7.200027204094262,7.199972795906819
3b,0.35,7.000027337567955,6.999972662433169
3b,0.33999999999999997,6.80002749590565,6.79997250409552
3b,0.32999999999999996,6.600030005214494,6.599969994786924
3b,0.31999999999999995,6.400029704240138,6.399970295761288
3b,0.30999999999999994,6.200029686865803,6.19997031313567
3b,0.29999999999999993,6.000029507390851,5.9999704926106325
3b,0.29000000000000004,5.800030285525734,5.799969714475898
3b,0.28,5.600030819547731,5.599969180454038
3b,0.27,5.400033268997807,5.399966731004308
3b,0.26,5.200033923384892,5.199966076617422
3b,0.25,5.000034629850991,4.999965370151527
3b,0.24,4.800034799912442,4.799965200090203
3b,0.22999999999999998,4.600034561974,4.599965438028725
3b,0.21999999999999997,4.400034147008456,4.399965852994312
3b,0.20999999999999996,4.200034767812944,4.199965232190039
3b,0.19999999999999996,4.000034560971756,3.999965439031377
3b,0.18999999999999995,3.800033683935805,3.799966316066981
3b,0.17999999999999994,3.600032855182604,3.599967144820462
3b,0.16999999999999993,3.4000318489713868,3.39996815103181
3b,0.16000000000000003,3.200031184504783,3.19996881549845
3b,0.15000000000000002,3.0000297177565822,2.9999702822467538
3b,0.14,2.800029667104266,2.7999703328990817
3b,0.13,2.6000298218880395,2.5999701781156435
3b,0.12,2.4000297086758833,2.399970291328247
3b,0.10999999999999999,2.200034763427211,2.199965236578688
3b,0.09999999999999998,2.0000356242939867,1.9999643757131553
3b,0.08999999999999997,1.8000353442496015,1.799964655757436
3b,0.07999999999999996,1.600034498163988,1.5999655018466212
3b,0.06999999999999995,1.4000138427673996,1.3999861572340129
3b,0.05999999999999994,1.200014047656792,1.1999859523449032
3b,0.04999999999999993,1.0000183220830499,0.9999816779202514
3b,0.040000000000000036,0.8000164195618988,0.7999835804417564
3b,0.030000000000000027,0.6000135323643302,0.5999864676417513
3b,0.020000000000000018,0.40000737158061817,0.3999926284202359
3b,0.010000000000000009,0.2000055725836631,0.19999442741808657
3b,0.0,7.118611789455461e-06,4.253985698821774e-06
3c,1.0,10.000000000000016,10.000000000000137
3c,0.99,9.900000000219636,9.899999999811683
3c,0.98,9.79999999989395,9.800000000137002
3c,0.97,9.699999999863389,9.700000000169423
3c,0.96,9.599999999987896,9.600000000015568
3c,0.95,9.499999999985954,9.500000000017515
3c,0.94,9.399999999987596,9.400000000015769
3c,0.9299999999999999,9.299999999988975,9.300000000014505
3c,0.92,9.199999999989467,9.200000000014146
3c,0.91,9.099999999988635,9.100000000015344
3c,0.9,8.999999999989333,9.000000000014959
3c,0.89,8.899999999993424,8.900000000010028
3c,0.88,8.799999999993673,8.800000000009975
3c,0.87,8.699999999993983,8.700000000009782
3c,0.86,8.599999999994324,8.6000000000095
3c,0.85,8.499999999994573,8.500000000009324
3c,0.84,8.39999999999313,8.400000000011925
3c,0.83,8.299999999993519,8.300000000011156
3c,0.8200000000000001,8.199999999993938,8.200000000010647
3c,0.81,8.099999999994338,8.100000000010139
3c,0.8,7.999999999994708,8.000000000009647
3c,0.79,7.899999999995049,7.900000000009182
3c,0.78,7.799999999995358,7.800000000008753
3c,0.77,7.699999999995611,7.700000000008482
3c,0.76,7.59999999999568,7.600000000008608
3c,0.75,7.499999999995817,7.500000000008608
3c,0.74,7.3999999999958765,7.400000000008758
3c,0.73,7.299999999994708,7.300000000009591
3c,0.72,7.199999999994844,7.200000000009424
3c,0.71,7.099999999994762,7.1000000000096515
3c,0.7,6.999999999994787,7.00000000000961
3c,0.69,6.899999999994709,6.900000000009686
3c,0.6799999999999999,6.799999999995238,6.800000000008976
3c,0.6699999999999999,6.699999999995306,6.70000000000898
3c,0.6599999999999999,6.59999999999534,6.600000000009026
3c,0.6499999999999999,6.4999999999953655,6.500000000010134
3c,0.64,6.39999999999505,6.400000000010562
3c,0.63,6.299999999994687,6.300000000011049
3c,0.62,6.1999999999941755,6.20000000001175
3c,0.61,6.099999999993612,6.100000000012496
3c,0.6,5.999999999992956,6.000000000013534
3c,0.59,5.8999999999922395,5.900000000014696
3c,0.5800000000000001,5.799999999991489,5.800000000015913
3c,0.5700000000000001,5.699999999990858,5.700000000017016
3c,0.56,5.599999999990238,5.60000000001812
3c,0.55,5.49999999998966,5.50000000001917
3c,0.54,5.399999999989111,5.400000000020141
3c,0.53,5.299999999988549,5.300000000021101
3c,0.52,5.199999999988099,5.200000000021843
3c,0.51,5.099999999987642,5.100000000022562
3c,0.5,4.99999999998715,5.000000000023296
3c,0.49,4.899999999986688,4.900000000023953
3c,0.48,4.799999999986187,4.800000000024604
3c,0.47,4.699999999985658,4.700000000025228
3c,0.45999999999999996,4.599999999985059,4.600000000025851
3c,0.44999999999999996,4.499999999984499,4.500000000026336
3c,0.43999999999999995,4.399999999982869,4.400000000027809
3c,0.42999999999999994,4.299999999982126,4.300000000028451
3c,0.42000000000000004,4.199999999981259,4.200000000029509
3c,0.41000000000000003,4.09999999998022,4.100000000031279
3c,0.4,3.999999999979053,4.000000000033271
3c,0.39,3.8999999999778154,3.9000000000354316
3c,0.38,3.7999999999765244,3.8000000000377554
3c,0.37,3.699999999969728,3.7000000000467494
3c,0.36,3.599999999969085,3.600000000048799
3c,0.35,3.4999999999686042,3.50000000005086
3c,0.33999999999999997,3.3999999999677626,3.400000000053621
3c,0.32999999999999996,3.299999999965528,3.3000000000584087
3c,0.31999999999999995,3.1999999999632,3.2000000000636466
3c,0.30999999999999994,3.09999999996236,3.100000000067517
3c,0.29999999999999993,2.999999999958243,3.0000000000763016
3c,0.29000000000000004,2.8999999999576955,2.900000000080256
3c,0.28,2.7999999999574006,2.8000000000842036
3c,0.27,2.699999999957307,2.700000000088166
3c,0.26,2.5999999999575034,2.600000000091881
3c,0.25,2.4999999999579203,2.5000000000954437
3c,0.24,2.3999999999371795,2.4000000001102917
3c,0.22999999999999998,2.2999999999363614,2.300000000118943
3c,0.21999999999999997,2.1999999999350517,2.2000000001358755
3c,0.20999999999999996,2.099999999933533,2.100000000150321
3c,0.19999999999999996,1.999999999935625,2.00000000013094
3c,0.18999999999999995,1.8999999999522816,1.9000000001289434
3c,0.17999999999999994,1.7999999999507974,1.8000000001510066
3c,0.16999999999999993,1.6999999999442847,1.7000000001697109
3c,0.16000000000000003,1.5999999999342218,1.600000000179442
3c,0.15000000000000002,1.4999999999858644,1.5000000000268534
3c,0.14,1.3999999999894666,1.4000000000229116
3c,0.13,1.2999999999464216,1.3000000001996452
3c,0.12,1.1999999999822653,1.2000000000362427
3c,0.10999999999999999,1.0999999999709356,1.1000000000453678
3c,0.09999999999999998,0.9999999999669485,1.0000000000504212
3c,0.08999999999999997,0.8999999999532683,0.9000000000657639
3c,0.07999999999999996,0.7999999999951642,0.8000000000445832
3c,0.06999999999999995,0.699999999956401,0.700000000070582
3c,0.05999999999999994,0.5999999999108597,0.600000000163894
3c,0.04999999999999993,0.49999999998260797,0.5000000000915014
3c,0.040000000000000036,0.3999999999792307,0.4000000000293732
3c,0.030000000000000027,0.2999999999784552,0.3000000000347587
3c,0.020000000000000018,0.19999999991461256,0.20000000012686697
3c,0.010000000000000009,0.09999999989465153,0.10000000024476094
3c,0.0,4.6954603246896905e-06,5.135167860752665e-06
4a,1.0,10.0,20.0
4a,0.99,9.999999999988257,19.700000000019287
4a,0.98,9.999999999992497,19.400000000011627
4a,0.97,9.99999999999522,19.100000000007967
4a,0.96,9.999999999995243,18.80000000000761
4a,0.95,9.999999999994001,18.500000000008903
4a,0.94,9.999999999992623,18.200000000010498
4a,0.9299999999999999,9.999999999992236,17.900000000010596
4a,0.92,9.999999999992227,17.600000000010308
4a,0.91,9.999999999992395,17.300000000009835
4a,0.9,9.999999999992578,17.000000000009386
4a,0.89,9.999999999992697,16.70000000000905
4a,0.88,9.999999999992733,16.400000000008838
4a,0.87,9.999999999992642,16.10000000000881
4a,0.86,9.999999999992404,15.800000000008966
4a,0.85,9.999999999991992,15.50000000000932
4a,0.84,9.999999999989477,15.20000000001212
4a,0.83,9.999999999987342,14.90000000001421
4a,0.8200000000000001,9.9999999999865,14.600000000014989
4a,0.81,9.999999999985457,14.300000000015977
4a,0.8,9.999999999984217,14.000000000017165
4a,0.79,9.999999999982721,13.700000000018626
4a,0.78,9.999999999980831,13.400000000020476
4a,0.77,9.999999999978577,13.100000000022701
4a,0.76,9.999999999973959,12.800000000027275
4a,0.75,9.999999999969278,12.50000000003194
4a,0.74,9.999999999968797,12.20000000003221
4a,0.73,9.999999999959115,11.90000000004187
4a,0.72,9.999999999946752,11.600000000054267
4a,0.71,9.999999999925537,11.300000000075581
4a,0.7,9.999999999884595,11.000000000116675
4a,0.69,9.999999999800053,10.700000000201417
4a,0.6799999999999999,9.999999999501814,10.400000000499928
4a,0.6699999999999999,9.999999994482957,10.100000005519565
4a,0.6599999999999999,9.899999998485999,9.900000001516304
4a,0.6499999999999999,9.749999999720465,9.75000000028183
4a,0.64,9.5999999998894,9.600000000112848
4a,0.63,9.449999999943358,9.450000000058793
4a,0.62,9.29999999996576,9.300000000036306
4a,0.61,9.149999999976668,9.150000000025374
4a,0.6,8.99999999998315,9.000000000018836
4a,0.59,8.849999999987524,8.850000000014392
4a,0.5800000000000001,8.699999999990455,8.700000000011398
4a,0.5700000000000001,8.549999999992027,8.55000000000975
4a,0.56,8.39999999993694,8.400000000080292
4a,0.55,8.249999999949269,8.250000000067688
4a,0.54,8.099999999976758,8.10000000003271
4a,0.53,7.94999999998086,7.9500000000286475
4a,0.52,7.799999999983529,7.800000000026547
4a,0.51,7.64999999998637,7.650000000023771
4a,0.5,7.499999999988737,7.500000000021567
4a,0.49,7.349999999990447,7.350000000020214
4a,0.48,7.1999999999919,7.20000000001948
4a,0.47,7.049999999993452,7.050000000018228
4a,0.45999999999999996,6.899999999994576,6.900000000017387
4a,0.44999999999999996,6.74999999999533,6.750000000017325
4a,0.43999999999999995,6.599999999996199,6.60000000001681
4a,0.42999999999999994,6.449999999997176,6.4500000000162645
4a,0.42000000000000004,6.299999999998007,6.30000000001587
4a,0.41000000000000003,6.149999999998723,6.150000000015591
4a,0.4,5.999999999999248,6.000000000015498
4a,0.39,5.849999999999695,5.850000000015529
4a,0.38,5.70000000000013,5.700000000015598
4a,0.37,5.550000000000591,5.55000000001572
4a,0.36,5.400000000001035,5.400000000015925
4a,0.35,5.250000000001416,5.250000000016242
4a,0.33999999999999997,5.100000000001777,5.100000000016642
4a,0.32999999999999996,4.950000000002146,4.950000000017082
4a,0.31999999999999995,4.800000000002418,4.800000000017667
4a,0.30999999999999994,4.650000000002641,4.650000000018217
4a,0.29999999999999993,4.500000000002831,4.500000000017718
4a,0.29000000000000004,4.350000000003218,4.350000000018214
4a,0.28,4.2000000000034206,4.2000000000176065
4a,0.27,4.050000000003815,4.0500000000181275
4a,0.26,3.900000000004298,3.90000000001869
4a,0.25,3.7500000000048304,3.750000000019315
4a,0.24,3.600000000005474,3.6000000000201076
4a,0.22999999999999998,3.450000000006253,3.450000000021071
4a,0.21999999999999997,3.3000000000071323,3.3000000000224454
4a,0.20999999999999996,3.1500000000082045,3.150000000024209
4a,0.19999999999999996,3.0000000000094955,3.000000000026357
4a,0.18999999999999995,2.850000000010388,2.8500000000266468
4a,0.17999999999999994,2.7000000000118645,2.7000000000297795
4a,0.16999999999999993,2.550000000013458,2.5500000000337324
4a,0.16000000000000003,2.4000000000152863,2.400000000038658
4a,0.15000000000000002,2.250000000017233,2.25000000004452
4a,0.14,2.10000000000185,2.1000000000051964
4a,0.13,1.9500000000020257,1.9500000000059665
4a,0.12,1.8000000000022192,1.8000000000068639
4a,0.10999999999999999,1.6500000000024446,1.6500000000078998
4a,0.09999999999999998,1.5000000000027025,1.500000000009066
4a,0.08999999999999997,1.3500000000029755,1.3500000000103476
4a,0.07999999999999996,1.2000000000035662,1.2000000000124105
4a,0.06999999999999995,1.0500000000041803,1.0500000000149439
4a,0.05999999999999994,0.9000000000062421,0.9000000000225568
4a,0.04999999999999993,0.7500000000082833,0.750000000034244
4a,0.040000000000000036,0.6000000000121173,0.6000000000479866
4a,0.030000000000000027,0.4500000000152608,0.4500000000653349
4a,0.020000000000000018,0.3000000000040751,0.3000000000179038
4a,0.010000000000000009,0.15000000001377445,0.1500000000604312
4a,0.0,0.0,0.0
5a,1.0,5.000011301042212,4.999988698957789
5a,0.99,4.950009790683544,4.949990209317145
5a,0.98,4.900010094892668,4.899989905108072
5a,0.97,4.8500097927168735,4.849990207283828
5a,0.96,4.800009285937303,4.799990714063334
5a,0.95,4.750009146548095,4.74999085345253
5a,0.94,4.700009400632996,4.699990599367671
5a,0.9299999999999999,4.65000924055786,4.649990759442789
5a,0.92,4.600009136343821,4.599990863656824
5a,0.91,4.550008959648887,4.54999104035174
5a,0.9,4.500008780606986,4.499991219393622
5a,0.89,4.45001964550228,4.4499803545008
5a,0.88,4.400019229057595,4.39998077094539
5a,0.87,4.350019019148275,4.349980980854678
5a,0.86,4.300018660669829,4.299981339333046
5a,0.85,4.250018729111414,4.249981270891518
5a,0.84,4.200018193583409,4.199981806419389
5a,0.83,4.150018056884125,4.1499819431186635
5a,0.8200000000000001,4.100017816685252,4.099982183317498
5a,0.81,4.05001758417661,4.049982415826102
5a,0.8,4.000017059453551,3.9999829405490313
5a,0.79,3.9500168846445534,3.94998311535801
5a,0.78,3.900016714437877,3.8999832855646672
5a,0.77,3.850016540507332,3.849983459495192
5a,0.76,3.800016362830038,3.7999836371724642
5a,0.75,3.7500161815961777,3.749983818406303
5a,0.74,3.700015997012432,3.699984002990026
5a,0.73,3.650015809301544,3.64998419070089
5a,0.72,3.600015618707202,3.599984381295206
5a,0.71,3.5500154254871545,3.5499845745152268
5a,0.7,3.5000156621306107,3.49998433787188
5a,0.69,3.4500149472484707,3.44998505275383
5a,0.6799999999999999,3.4000153990593645,3.399984600943114
5a,0.6699999999999999,3.350014307584554,3.349985692417617
5a,0.6599999999999999,3.30001452270419,3.2999854772980814
5a,0.6499999999999999,3.250014977906734,3.249985022095719
5a,0.64,3.2000137854415747,3.199986214560537
5a,0.63,3.1500141925321294,3.1499858074701432
5a,0.62,3.100013705290631,3.099986294711522
5a,0.61,3.050013485472777,3.0499865145293428
5a,0.6,3.000013400020969,2.9999865999811575
5a,0.59,2.950014134879628,2.9499858651227795
5a,0.5800000000000001,2.9000141302927904,2.8999858697096568
5a,0.5700000000000001,2.8500131804339786,2.8499868195681897
5a,0.56,2.800013174218697,2.799986825783506
5a,0.55,2.750013313696074,2.749986686306217
5a,0.54,2.700013806190441,2.6999861938120686
5a,0.53,2.650013814022976,2.649986185979585
5a,0.52,2.6000138184849093,2.5999861815177017
5a,0.51,2.5500138183559558,2.549986181646706
5a,0.5,2.5000138137647543,2.4999861862379595
5a,0.49,2.450013841475559,2.4499861585272216
5a,0.48,2.400013863823259,2.399986136179587
5a,0.47,2.350013877920185,2.349986122082727
5a,0.45999999999999996,2.300013881329532,2.2999861186734463
5a,0.44999999999999996,2.250013872986044,2.2499861270169967
5a,0.43999999999999995,2.2000138519216033,2.1999861480814955
5a,0.42999999999999994,2.1500138172871135,2.1499861827160407
5a,0.42000000000000004,2.10001383412652,2.0999861658767185
5a,0.41000000000000003,2.0500139377071247,2.049986062296243
5a,0.4,2.000014049464024,1.9999859505394828
5a,0.39,1.9500140306211848,1.9499859693824029
5a,0.38,1.9000141598796798,1.8999858401240706
5a,0.37,1.8500142959098702,1.8499857040940562
5a,0.36,1.8000146195673494,1.799985380436871
5a,0.35,1.7500145780847978,1.7499854219195194
5a,0.33999999999999997,1.700014939186966,1.699985060817701
5a,0.32999999999999996,1.6500148804504486,1.6499851195543223
5a,0.31999999999999995,1.6000150313793207,1.5999849686257004
5a,0.30999999999999994,1.5500151733291643,1.549984826676118
5a,0.29999999999999993,1.5000156752277471,1.4999843247780749
5a,0.29000000000000004,1.450015748571389,1.4499842514346912
5a,0.28,1.4000160832189947,1.3999839167875725
5a,0.27,1.3500157804368538,1.3499842195697007
5a,0.26,1.3000160154028002,1.299983984604209
5a,0.25,1.2500156398312952,1.2499843601756533
5a,0.24,1.200015845310981,1.1999841546964478
5a,0.22999999999999998,1.150016030702525,1.1499839693054095
5a,0.21999999999999997,1.1000162071076842,1.0999837929007954
5a,0.20999999999999996,1.0500163512792695,1.0499836487297742
5a,0.19999999999999996,1.0000167323991298,0.9999832676108191
5a,0.18999999999999995,0.9500165130219875,0.9499834869882143
5a,0.17999999999999994,0.9000165035302939,0.8999834964804685
5a,0.16999999999999993,0.8500161542090213,0.8499838458019037
5a,0.16000000000000003,0.8000169438634428,0.7999830561493552
5a,0.15000000000000002,0.750016458860797,0.7499835411520847
5a,0.14,0.7000073656397288,0.6999926343630215
5a,0.13,0.65000714550113,0.6499928545016574
5a,0.12,0.6000069396777046,0.5999930603251464
5a,0.10999999999999999,0.5500067542846714,0.5499932457182755
5a,0.09999999999999998,0.5000071210447182,0.4999928789588838
5a,0.08999999999999997,0.4500070418247164,0.44999295817920054
5a,0.07999999999999996,0.400007403549526,0.3999925964553512
5a,0.06999999999999995,0.3500065805340771,0.3499934194703332
5a,0.05999999999999994,0.3000064819556047,0.2999935180493849
5a,0.04999999999999993,0.2500064847347468,0.24999351527130695
5a,0.040000000000000036,0.20000700286709638,0.19999299714164176
5a,0.030000000000000027,0.1500063517091885,0.14999364830046044
5a,0.020000000000000018,0.10000610670490663,0.09999389330875061
5a,0.010000000000000009,0.05000603958472516,0.04999396044272369
5a,0.0,0.0,0.0
5b,1.0,5.000000000004419,4.999999999995687
5b,0.99,4.950000000002969,4.949999999999761
5b,0.98,4.900000000002662,4.899999999999685
5b,0.97,4.850000000001989,4.849999999999625
5b,0.96,4.800000000002143,4.799999999999403
5b,0.95,4.750000000001976,4.749999999999393
5b,0.94,4.700000000002018,4.6999999999993625
5b,0.9299999999999999,4.650000000002136,4.649999999999327
5b,0.92,4.600000000002438,4.5999999999992305
5b,0.91,4.550000000002359,4.549999999999299
5b,0.9,4.5000000000025,4.49999999999928
5b,0.89,4.450000000002602,4.449999999999281
5b,0.88,4.400000000002708,4.399999999999283
5b,0.87,4.3500000000028765,4.349999999999265
5b,0.86,4.300000000003025,4.299999999999254
5b,0.85,4.250000000003152,4.249999999999253
5b,0.84,4.200000000003255,4.199999999999259
5b,0.83,4.150000000003366,4.149999999999302
5b,0.8200000000000001,4.100000000003375,4.099999999999331
5b,0.81,4.050000000002481,4.04999999999958
5b,0.8,4.000000000002337,3.999999999999608
5b,0.79,3.9500000000023796,3.9499999999995583
5b,0.78,3.900000000002522,3.8999999999994133
5b,0.77,3.8500000000026313,3.8499999999993673
5b,0.76,3.800000000002745,3.7999999999993186
5b,0.75,3.750000000002869,3.749999999999268
5b,0.74,3.700000000002996,3.699999999999216
5b,0.73,3.6500000000031245,3.649999999999162
5b,0.72,3.600000000003239,3.5999999999991115
5b,0.71,3.55000000000339,3.5499999999990566
5b,0.7,3.500000000003543,3.4999999999990012
5b,0.69,3.450000000003701,3.4499999999989437
5b,0.6799999999999999,3.400000000003864,3.399999999998885
5b,0.6699999999999999,3.3500000000040324,3.3499999999988255
5b,0.6599999999999999,3.300000000004207,3.299999999998764
5b,0.6499999999999999,3.2500000000043836,3.2499999999987015
5b,0.64,3.200000000004559,3.199999999998651
5b,0.63,3.150000000004738,3.1499999999986
5b,0.62,3.1000000000049233,3.0999999999985492
5b,0.61,3.0500000000051166,3.0499999999984984
5b,0.6,3.0000000000053166,2.9999999999984475
5b,0.59,2.9500000000055233,2.949999999998396
5b,0.5800000000000001,2.900000000005717,2.8999999999983523
5b,0.5700000000000001,2.8500000000059114,2.8499999999983103
5b,0.56,2.8000000000061136,2.7999999999982688
5b,0.55,2.750000000006324,2.7499999999982276
5b,0.54,2.700000000006544,2.6999999999981874
5b,0.53,2.650000000006775,2.6499999999981476
5b,0.52,2.600000000007031,2.599999999998085
5b,0.51,2.5500000000073033,2.5499999999980165
5b,0.5,2.5000000000075904,2.4999999999979465
5b,0.49,2.4500000000078925,2.4499999999978743
5b,0.48,2.4000000000074504,2.399999999998245
5b,0.47,2.3500000000077175,2.349999999998191
5b,0.45999999999999996,2.3000000000080556,2.2999999999980933
5b,0.44999999999999996,2.2500000000083875,2.2499999999980105
5b,0.43999999999999995,2.2000000000087385,2.199999999997922
5b,0.42999999999999994,2.150000000009113,2.149999999997826
5b,0.42000000000000004,2.1000000000094468,2.0999999999977703
5b,0.41000000000000003,2.0500000000099297,2.049999999997611
5b,0.4,2.0000000000111675,1.9999999999971387
5b,0.39,1.9500000000115385,1.949999999997073
5b,0.38,1.9000000000120527,1.899999999996916
5b,0.37,1.8500000000126051,1.8499999999967416
5b,0.36,1.8000000000134158,1.7999999999964265
5b,0.35,1.7500000000137839,1.7499999999963691
5b,0.33999999999999997,1.7000000000144113,1.6999999999961675
5b,0.32999999999999996,1.650000000015783,1.6499999999952035
5b,0.31999999999999995,1.60000000001667,1.5999999999942311
5b,0.30999999999999994,1.5500000000167056,1.5499999999941307
5b,0.29999999999999993,1.5000000000177802,1.4999999999934805
5b,0.29000000000000004,1.450000000017825,1.4499999999934303
5b,0.28,1.4000000000187356,1.39999999999311
5b,0.27,1.3500000000197196,1.3499999999928112
5b,0.26,1.3000000000208163,1.2999999999925604
5b,0.25,1.2500000000220735,1.2499999999923013
5b,0.24,1.2000000000235973,1.1999999999919426
5b,0.22999999999999998,1.1500000000253696,1.1499999999915302
5b,0.21999999999999997,1.1000000000274464,1.0999999999910246
5b,0.20999999999999996,1.0500000000299028,1.049999999990365
5b,0.19999999999999996,1.000000000030148,0.9999999999913142
5b,0.18999999999999995,0.9500000000412442,0.9499999999868971
5b,0.17999999999999994,0.9000000000377284,0.8999999999891
5b,0.16999999999999993,0.8500000000420954,0.8499999999879577
5b,0.16000000000000003,0.8000000000470637,0.7999999999865645
5b,0.15000000000000002,0.7500000000526659,0.749999999984734
5b,0.14,0.7000000000631805,0.6999999999787598
5b,0.13,0.6500000000690167,0.6499999999749093
5b,0.12,0.6000000000763337,0.59999999997196
5b,0.10999999999999999,0.5500000000905562,0.5499999999635061
5b,0.09999999999999998,0.5000000001005777,0.49999999996184663
5b,0.08999999999999997,0.45000000001240514,0.44999999999568074
5b,0.07999999999999996,0.4000000000160851,0.3999999999947714
5b,0.06999999999999995,0.3500000000198774,0.349999999994606
5b,0.05999999999999994,0.30000000002532035,0.2999999999934194
5b,0.04999999999999993,0.25000000003307044,0.24999999998931874
5b,0.040000000000000036,0.20000000005072122,0.19999999998096213
5b,0.030000000000000027,0.15000000008795306,0.14999999997674718
5b,0.020000000000000018,0.10000000001604317,0.09999999999481701
5b,0.010000000000000009,0.05000000006298484,0.049999999977719214
5b,0.0,0.0,0.0
5c,1.0,9.4117647058087,0.5882352941913508
5c,0.99,9.317647058760285,0.582352941261678
5c,0.98,9.223529411691606,0.5764705883350556
5c,0.97,9.129411764645207,0.5705882353849728
5c,0.96,9.035294117584463,0.5647058824429666
5c,0.95,8.941176470528156,0.5588235294947875
5c,0.94,8.847058823473324,0.5529411765450787
5c,0.9299999999999999,8.752941176424615,0.547058823590698
5c,0.92,8.658823529371663,0.541176470642898
5c,0.91,8.56470588230403,0.5352941177115306
5c,0.9,8.470588235249858,0.52941176476242
5c,0.89,8.37647058819353,0.523529411819119
5c,0.88,8.282352941137052,0.51764705887628
5c,0.87,8.188235294079183,0.5117647059348052
5c,0.86,8.094117647022152,0.505882352992456
5c,0.85,7.999999999965212,0.500000000049373
5c,0.84,7.905882352905181,0.4941176471092316
5c,0.83,7.811764705844819,0.4882352941697028
5c,0.8200000000000001,7.717647058782295,0.4823529412326722
5c,0.81,7.623529411701746,0.47647058831938366
5c,0.8,7.5294117646470955,0.47058823536955785
5c,0.79,7.435294117584004,0.4647058824331966
5c,0.78,7.341176470527576,0.458823529491053
5c,0.77,7.24705882346403,0.45294117655520705
5c,0.76,7.152941176404541,0.44705882361728727
5c,0.75,7.058823529343072,0.4411764706776815
5c,0.74,6.964705882281554,0.4352941177400599
5c,0.73,6.870588235226572,0.4294117647939228
5c,0.72,6.7764705881640275,0.4235294118565811
5c,0.71,6.682352941101363,0.4176470589193624
5c,0.7,6.5882352940505315,0.41176470596860587
5c,0.69,6.494117646975629,0.40588235304537595
5c,0.6799999999999999,6.399999999912636,0.40000000010855036
5c,0.6699999999999999,6.305882352849544,0.3941176471718658
5c,0.6599999999999999,6.211764705786349,0.3882352942353374
5c,0.6499999999999999,6.117647058723054,0.3823529412989719
5c,0.64,6.023529411659665,0.3764705883627768
5c,0.63,5.929411764596181,0.3705882354267594
5c,0.62,5.835294117532648,0.36470588249088776
5c,0.61,5.741176470468943,0.3588235295552904
5c,0.6,5.64705882351699,0.35294117648551515
5c,0.59,5.552941176457665,0.34705882354493395
5c,0.5800000000000001,5.458823529398331,0.34117647060437484
5c,0.5700000000000001,5.3647058823379155,0.3352941176649009
5c,0.56,5.2705882352778985,0.3294117647250318
5c,0.55,5.176470588218417,0.32352941178465755
5c,0.54,5.082352941158927,0.31764705884430505
5c,0.53,4.988235294099374,0.3117647059040288
5c,0.52,4.8941176470398355,0.30588235296375615
5c,0.51,4.799999999980228,0.300000000023582
5c,0.5,4.7058823529206135,0.29411764708343446
5c,0.49,4.611764705860965,0.2882352941433381
5c,0.48,4.517647058801322,0.28235294120324544
5c,0.47,4.4235294117415505,0.2764705882633038
5c,0.45999999999999996,4.329411764681858,0.27058823532331433
5c,0.44999999999999996,4.235294117621988,0.26470588238352205
5c,0.43999999999999995,4.141176470562224,0.2588235294436447
5c,0.42999999999999994,4.0470588235023,0.2529411765039706
5c,0.42000000000000004,3.9529411764421667,0.24705882356450584
5c,0.41000000000000003,3.8588235293820725,0.2411764706249367
5c,0.4,3.7647058823296913,0.23529411767761102
5c,0.39,3.670588235261893,0.22941176474607447
5c,0.38,3.5764705882016643,0.22352941180681937
5c,0.37,3.482352941141377,0.21764705886764665
5c,0.36,3.3882352940810336,0.21176470592855315
5c,0.35,3.294117647020574,0.2058823529896041
5c,0.33999999999999997,3.1999999999532562,0.20000000005759247
5c,0.32999999999999996,3.1058823529055832,0.19411764710580526
5c,0.31999999999999995,3.0117647058299872,0.1882352941820834
5c,0.30999999999999994,2.917647058766604,0.18235294124663678
5c,0.29999999999999993,2.8235294117073413,0.17647058830652335
5c,0.29000000000000004,2.729411764661684,0.1705882353515713
5c,0.28,2.6352941175865547,0.16470588242835074
5c,0.27,2.541176470528324,0.15882352948735984
5c,0.26,2.447058823465892,0.15294117655145711
5c,0.25,2.3529411764254067,0.1470588235904053
5c,0.24,2.258823529366158,0.141176470654322
5c,0.22999999999999998,2.1647058823007637,0.13529411771995245
5c,0.21999999999999997,2.070588235236452,0.1294117647861306
5c,0.20999999999999996,1.9764705881950673,0.12352941183737956
5c,0.19999999999999996,1.8823529411299136,0.11764705890709522
5c,0.18999999999999995,1.7882352940619226,0.11176470597990518
5c,0.17999999999999994,1.6941176469743553,0.10588235307126577
5c,0.16999999999999993,1.599999999902443,0.10000000014879068
5c,0.16000000000000003,1.5058823528356466,0.09411764722156445
5c,0.15000000000000002,1.41176470575075,0.08823529431285983
5c,0.14,1.317647058681439,0.08235294138898025
5c,0.13,1.2235294116132185,0.07647058845510141
5c,0.12,1.1294117645103192,0.07058823557999754
5c,0.10999999999999999,1.0352941176278574,0.06470588238219352
5c,0.09999999999999998,0.9411764705723846,0.05882352943843078
5c,0.08999999999999997,0.8470588235151697,0.05294117649798063
5c,0.07999999999999996,0.752941176452883,0.047058823565455044
5c,0.06999999999999995,0.6588235293773865,0.04117647064502488
5c,0.05999999999999994,0.5647058822979115,0.035294117730771915
5c,0.04999999999999993,0.4705882352075345,0.02941176483049175
5c,0.040000000000000036,0.37647058814654955,0.023529411903780474
5c,0.030000000000000027,0.2823529410276256,0.017647059063370805
5c,0.020000000000000018,0.18823529406542278,0.01176470595972496
5c,0.010000000000000009,0.09411764680485733,0.005882353258965741
5c,0.0,0.0,0.0
