First_Org_Flux,Second_Org_Max_Flux,Second_Org_Min_Flux
5.0,5.0,5.0
5.050000000000001,4.949999999999999,4.949999999999999
5.1000000000000005,4.8999999999999995,4.8999999999999995
5.15,4.85,4.85
5.2,4.8,4.8
5.25,4.75,4.75
5.300000000000001,4.699999999999999,4.699999999999999
5.3500000000000005,4.6499999999999995,4.6499999999999995
5.4,4.6,4.6
5.45,4.55,4.55
5.5,4.5,4.5
5.550000000000001,4.449999999999999,4.449999999999999
5.6000000000000005,4.3999999999999995,4.3999999999999995
5.65,4.35,4.35
5.7,4.3,4.3
5.75,4.25,4.25
5.800000000000001,4.199999999999999,4.199999999999999
5.8500000000000005,4.1499999999999995,4.1499999999999995
5.9,4.1,4.1
5.95,4.05,4.05
6.0,4.0,4.0
6.050000000000001,3.9499999999999993,3.9499999999999993
6.1000000000000005,3.8999999999999995,3.8999999999999995
6.15,3.8499999999999996,3.8499999999999996
6.2,3.7999999999999994,3.7999999999999994
6.25,3.75,3.75
6.300000000000001,3.6999999999999993,3.6999999999999993
6.3500000000000005,3.6499999999999995,3.6499999999999995
6.4,3.5999999999999996,3.5999999999999996
6.45,3.5499999999999994,3.5499999999999994
6.5,3.5,3.5
6.550000000000001,3.4499999999999993,3.4499999999999993
6.6000000000000005,3.3999999999999995,3.3999999999999995
6.65,3.3499999999999996,3.3499999999999996
6.7,3.2999999999999994,3.2999999999999994
6.75,3.25,3.25
6.800000000000001,3.1999999999999993,3.1999999999999993
6.8500000000000005,3.1499999999999995,3.1499999999999995
6.9,3.0999999999999996,3.0999999999999996
6.95,3.05,3.05
7.0,3.0,3.0
7.050000000000001,2.9499999999999993,2.9499999999999993
7.1000000000000005,2.8999999999999995,2.8999999999999995
7.15,2.8499999999999996,2.8499999999999996
7.2,2.8,2.8
7.25,2.75,2.75
7.300000000000001,2.6999999999999993,2.6999999999999993
7.3500000000000005,2.6499999999999995,2.6499999999999995
7.4,2.5999999999999996,2.5999999999999996
7.45,2.55,2.55
7.5,2.5,2.5
7.550000000000001,2.4499999999999993,2.4499999999999993
7.6000000000000005,2.3999999999999995,2.3999999999999995
7.65,2.3499999999999996,2.3499999999999996
7.7,2.3,2.3
7.75,2.25,2.25
7.800000000000001,2.1999999999999993,2.1999999999999993
7.8500000000000005,2.1499999999999995,2.1499999999999995
7.9,2.0999999999999996,2.0999999999999996
7.95,2.05,2.05
8.0,2.0,2.0
8.05,1.9499999999999993,1.9499999999999993
8.1,1.9000000000000004,1.9000000000000004
8.15,1.8499999999999996,1.8499999999999996
8.200000000000001,1.799999999999999,1.799999999999999
8.25,1.75,1.75
8.3,1.6999999999999993,1.6999999999999993
8.35,1.6500000000000004,1.6500000000000004
8.4,1.5999999999999996,1.5999999999999996
8.450000000000001,1.549999999999999,1.549999999999999
8.5,1.5,1.5
8.55,1.4499999999999993,1.4499999999999993
8.6,1.4000000000000004,1.4000000000000004
8.65,1.3499999999999996,1.3499999999999996
8.700000000000001,1.299999999999999,1.299999999999999
8.75,1.25,1.25
8.8,1.1999999999999993,1.1999999999999993
8.85,1.1500000000000004,1.1500000000000004
8.9,1.0999999999999996,1.0999999999999996
8.950000000000001,1.049999999999999,1.049999999999999
9.0,1.0,1.0
9.05,0.9499999999999993,0.9499999999999993
9.1,0.9000000000000004,0.9000000000000004
9.15,0.8499999999999996,0.8499999999999996
9.200000000000001,0.7999999999999989,0.7999999999999989
9.25,0.75,0.75
9.3,0.6999999999999993,0.6999999999999993
9.35,0.6500000000000004,0.6500000000000004
9.4,0.5999999999999996,0.5999999999999996
9.450000000000001,0.5499999999999989,0.5499999999999989
9.5,0.5,0.5
9.55,0.4499999999999993,0.4499999999999993
9.600000000000001,0.3999999999999986,0.3999999999999986
9.65,0.34999999999999964,0.34999999999999964
9.700000000000001,0.29999999999999893,0.29999999999999893
9.75,0.25,0.25
9.8,0.1999999999999993,0.1999999999999993
9.850000000000001,0.14999999999999858,0.14999999999999858
9.9,0.09999999999999964,0.09999999999999964
9.950000000000001,0.049999999999998934,0.049999999999998934
10.0,0.0,0.0
